id_date;date;d_number;d_name;m_number;m_name;trimester;year;holiday
1;2021-01-01;1;viernes;1;enero;1;2021;1
2;2021-01-02;2;sábado;1;enero;1;2021;0
3;2021-01-03;3;domingo;1;enero;1;2021;0
4;2021-01-04;4;lunes;1;enero;1;2021;0
5;2021-01-05;5;martes;1;enero;1;2021;0
6;2021-01-06;6;miércoles;1;enero;1;2021;0
7;2021-01-07;7;jueves;1;enero;1;2021;0
8;2021-01-08;8;viernes;1;enero;1;2021;0
9;2021-01-09;9;sábado;1;enero;1;2021;0
10;2021-01-10;10;domingo;1;enero;1;2021;0
11;2021-01-11;11;lunes;1;enero;1;2021;0
12;2021-01-12;12;martes;1;enero;1;2021;0
13;2021-01-13;13;miércoles;1;enero;1;2021;0
14;2021-01-14;14;jueves;1;enero;1;2021;0
15;2021-01-15;15;viernes;1;enero;1;2021;0
16;2021-01-16;16;sábado;1;enero;1;2021;0
17;2021-01-17;17;domingo;1;enero;1;2021;0
18;2021-01-18;18;lunes;1;enero;1;2021;0
19;2021-01-19;19;martes;1;enero;1;2021;0
20;2021-01-20;20;miércoles;1;enero;1;2021;0
21;2021-01-21;21;jueves;1;enero;1;2021;0
22;2021-01-22;22;viernes;1;enero;1;2021;0
23;2021-01-23;23;sábado;1;enero;1;2021;0
24;2021-01-24;24;domingo;1;enero;1;2021;0
25;2021-01-25;25;lunes;1;enero;1;2021;0
26;2021-01-26;26;martes;1;enero;1;2021;0
27;2021-01-27;27;miércoles;1;enero;1;2021;0
28;2021-01-28;28;jueves;1;enero;1;2021;0
29;2021-01-29;29;viernes;1;enero;1;2021;0
30;2021-01-30;30;sábado;1;enero;1;2021;0
31;2021-01-31;31;domingo;1;enero;1;2021;0
32;2021-02-01;1;lunes;2;febrero;1;2021;0
33;2021-02-02;2;martes;2;febrero;1;2021;0
34;2021-02-03;3;miércoles;2;febrero;1;2021;0
35;2021-02-04;4;jueves;2;febrero;1;2021;0
36;2021-02-05;5;viernes;2;febrero;1;2021;0
37;2021-02-06;6;sábado;2;febrero;1;2021;0
38;2021-02-07;7;domingo;2;febrero;1;2021;0
39;2021-02-08;8;lunes;2;febrero;1;2021;0
40;2021-02-09;9;martes;2;febrero;1;2021;0
41;2021-02-10;10;miércoles;2;febrero;1;2021;0
42;2021-02-11;11;jueves;2;febrero;1;2021;0
43;2021-02-12;12;viernes;2;febrero;1;2021;0
44;2021-02-13;13;sábado;2;febrero;1;2021;0
45;2021-02-14;14;domingo;2;febrero;1;2021;0
46;2021-02-15;15;lunes;2;febrero;1;2021;1
47;2021-02-16;16;martes;2;febrero;1;2021;1
48;2021-02-17;17;miércoles;2;febrero;1;2021;0
49;2021-02-18;18;jueves;2;febrero;1;2021;0
50;2021-02-19;19;viernes;2;febrero;1;2021;0
51;2021-02-20;20;sábado;2;febrero;1;2021;0
52;2021-02-21;21;domingo;2;febrero;1;2021;0
53;2021-02-22;22;lunes;2;febrero;1;2021;0
54;2021-02-23;23;martes;2;febrero;1;2021;0
55;2021-02-24;24;miércoles;2;febrero;1;2021;0
56;2021-02-25;25;jueves;2;febrero;1;2021;0
57;2021-02-26;26;viernes;2;febrero;1;2021;0
58;2021-02-27;27;sábado;2;febrero;1;2021;0
59;2021-02-28;28;domingo;2;febrero;1;2021;0
60;2021-03-01;1;lunes;3;marzo;1;2021;0
61;2021-03-02;2;martes;3;marzo;1;2021;0
62;2021-03-03;3;miércoles;3;marzo;1;2021;0
63;2021-03-04;4;jueves;3;marzo;1;2021;0
64;2021-03-05;5;viernes;3;marzo;1;2021;0
65;2021-03-06;6;sábado;3;marzo;1;2021;0
66;2021-03-07;7;domingo;3;marzo;1;2021;0
67;2021-03-08;8;lunes;3;marzo;1;2021;0
68;2021-03-09;9;martes;3;marzo;1;2021;0
69;2021-03-10;10;miércoles;3;marzo;1;2021;0
70;2021-03-11;11;jueves;3;marzo;1;2021;0
71;2021-03-12;12;viernes;3;marzo;1;2021;0
72;2021-03-13;13;sábado;3;marzo;1;2021;0
73;2021-03-14;14;domingo;3;marzo;1;2021;0
74;2021-03-15;15;lunes;3;marzo;1;2021;0
75;2021-03-16;16;martes;3;marzo;1;2021;0
76;2021-03-17;17;miércoles;3;marzo;1;2021;0
77;2021-03-18;18;jueves;3;marzo;1;2021;0
78;2021-03-19;19;viernes;3;marzo;1;2021;0
79;2021-03-20;20;sábado;3;marzo;1;2021;0
80;2021-03-21;21;domingo;3;marzo;1;2021;0
81;2021-03-22;22;lunes;3;marzo;1;2021;0
82;2021-03-23;23;martes;3;marzo;1;2021;0
83;2021-03-24;24;miércoles;3;marzo;1;2021;1
84;2021-03-25;25;jueves;3;marzo;1;2021;0
85;2021-03-26;26;viernes;3;marzo;1;2021;0
86;2021-03-27;27;sábado;3;marzo;1;2021;0
87;2021-03-28;28;domingo;3;marzo;1;2021;0
88;2021-03-29;29;lunes;3;marzo;1;2021;0
89;2021-03-30;30;martes;3;marzo;1;2021;0
90;2021-03-31;31;miércoles;3;marzo;1;2021;0
91;2021-04-01;1;jueves;4;abril;2;2021;0
92;2021-04-02;2;viernes;4;abril;2;2021;1
93;2021-04-03;3;sábado;4;abril;2;2021;0
94;2021-04-04;4;domingo;4;abril;2;2021;0
95;2021-04-05;5;lunes;4;abril;2;2021;0
96;2021-04-06;6;martes;4;abril;2;2021;0
97;2021-04-07;7;miércoles;4;abril;2;2021;0
98;2021-04-08;8;jueves;4;abril;2;2021;0
99;2021-04-09;9;viernes;4;abril;2;2021;0
100;2021-04-10;10;sábado;4;abril;2;2021;0
101;2021-04-11;11;domingo;4;abril;2;2021;0
102;2021-04-12;12;lunes;4;abril;2;2021;0
103;2021-04-13;13;martes;4;abril;2;2021;0
104;2021-04-14;14;miércoles;4;abril;2;2021;0
105;2021-04-15;15;jueves;4;abril;2;2021;0
106;2021-04-16;16;viernes;4;abril;2;2021;0
107;2021-04-17;17;sábado;4;abril;2;2021;0
108;2021-04-18;18;domingo;4;abril;2;2021;0
109;2021-04-19;19;lunes;4;abril;2;2021;0
110;2021-04-20;20;martes;4;abril;2;2021;0
111;2021-04-21;21;miércoles;4;abril;2;2021;0
112;2021-04-22;22;jueves;4;abril;2;2021;0
113;2021-04-23;23;viernes;4;abril;2;2021;0
114;2021-04-24;24;sábado;4;abril;2;2021;0
115;2021-04-25;25;domingo;4;abril;2;2021;0
116;2021-04-26;26;lunes;4;abril;2;2021;0
117;2021-04-27;27;martes;4;abril;2;2021;0
118;2021-04-28;28;miércoles;4;abril;2;2021;0
119;2021-04-29;29;jueves;4;abril;2;2021;0
120;2021-04-30;30;viernes;4;abril;2;2021;0
121;2021-05-01;1;sábado;5;mayo;2;2021;1
122;2021-05-02;2;domingo;5;mayo;2;2021;0
123;2021-05-03;3;lunes;5;mayo;2;2021;0
124;2021-05-04;4;martes;5;mayo;2;2021;0
125;2021-05-05;5;miércoles;5;mayo;2;2021;0
126;2021-05-06;6;jueves;5;mayo;2;2021;0
127;2021-05-07;7;viernes;5;mayo;2;2021;0
128;2021-05-08;8;sábado;5;mayo;2;2021;0
129;2021-05-09;9;domingo;5;mayo;2;2021;0
130;2021-05-10;10;lunes;5;mayo;2;2021;0
131;2021-05-11;11;martes;5;mayo;2;2021;0
132;2021-05-12;12;miércoles;5;mayo;2;2021;0
133;2021-05-13;13;jueves;5;mayo;2;2021;0
134;2021-05-14;14;viernes;5;mayo;2;2021;0
135;2021-05-15;15;sábado;5;mayo;2;2021;0
136;2021-05-16;16;domingo;5;mayo;2;2021;0
137;2021-05-17;17;lunes;5;mayo;2;2021;0
138;2021-05-18;18;martes;5;mayo;2;2021;0
139;2021-05-19;19;miércoles;5;mayo;2;2021;0
140;2021-05-20;20;jueves;5;mayo;2;2021;0
141;2021-05-21;21;viernes;5;mayo;2;2021;0
142;2021-05-22;22;sábado;5;mayo;2;2021;0
143;2021-05-23;23;domingo;5;mayo;2;2021;0
144;2021-05-24;24;lunes;5;mayo;2;2021;1
145;2021-05-25;25;martes;5;mayo;2;2021;1
146;2021-05-26;26;miércoles;5;mayo;2;2021;0
147;2021-05-27;27;jueves;5;mayo;2;2021;0
148;2021-05-28;28;viernes;5;mayo;2;2021;0
149;2021-05-29;29;sábado;5;mayo;2;2021;0
150;2021-05-30;30;domingo;5;mayo;2;2021;0
151;2021-05-31;31;lunes;5;mayo;2;2021;0
152;2021-06-01;1;martes;6;junio;2;2021;0
153;2021-06-02;2;miércoles;6;junio;2;2021;0
154;2021-06-03;3;jueves;6;junio;2;2021;0
155;2021-06-04;4;viernes;6;junio;2;2021;0
156;2021-06-05;5;sábado;6;junio;2;2021;0
157;2021-06-06;6;domingo;6;junio;2;2021;0
158;2021-06-07;7;lunes;6;junio;2;2021;0
159;2021-06-08;8;martes;6;junio;2;2021;0
160;2021-06-09;9;miércoles;6;junio;2;2021;0
161;2021-06-10;10;jueves;6;junio;2;2021;0
162;2021-06-11;11;viernes;6;junio;2;2021;0
163;2021-06-12;12;sábado;6;junio;2;2021;0
164;2021-06-13;13;domingo;6;junio;2;2021;0
165;2021-06-14;14;lunes;6;junio;2;2021;0
166;2021-06-15;15;martes;6;junio;2;2021;0
167;2021-06-16;16;miércoles;6;junio;2;2021;0
168;2021-06-17;17;jueves;6;junio;2;2021;0
169;2021-06-18;18;viernes;6;junio;2;2021;0
170;2021-06-19;19;sábado;6;junio;2;2021;0
171;2021-06-20;20;domingo;6;junio;2;2021;1
172;2021-06-21;21;lunes;6;junio;2;2021;1
173;2021-06-22;22;martes;6;junio;2;2021;0
174;2021-06-23;23;miércoles;6;junio;2;2021;0
175;2021-06-24;24;jueves;6;junio;2;2021;0
176;2021-06-25;25;viernes;6;junio;2;2021;0
177;2021-06-26;26;sábado;6;junio;2;2021;0
178;2021-06-27;27;domingo;6;junio;2;2021;0
179;2021-06-28;28;lunes;6;junio;2;2021;0
180;2021-06-29;29;martes;6;junio;2;2021;0
181;2021-06-30;30;miércoles;6;junio;2;2021;0
182;2021-07-01;1;jueves;7;julio;3;2021;0
183;2021-07-02;2;viernes;7;julio;3;2021;0
184;2021-07-03;3;sábado;7;julio;3;2021;0
185;2021-07-04;4;domingo;7;julio;3;2021;0
186;2021-07-05;5;lunes;7;julio;3;2021;0
187;2021-07-06;6;martes;7;julio;3;2021;0
188;2021-07-07;7;miércoles;7;julio;3;2021;0
189;2021-07-08;8;jueves;7;julio;3;2021;0
190;2021-07-09;9;viernes;7;julio;3;2021;1
191;2021-07-10;10;sábado;7;julio;3;2021;0
192;2021-07-11;11;domingo;7;julio;3;2021;0
193;2021-07-12;12;lunes;7;julio;3;2021;0
194;2021-07-13;13;martes;7;julio;3;2021;0
195;2021-07-14;14;miércoles;7;julio;3;2021;0
196;2021-07-15;15;jueves;7;julio;3;2021;0
197;2021-07-16;16;viernes;7;julio;3;2021;0
198;2021-07-17;17;sábado;7;julio;3;2021;0
199;2021-07-18;18;domingo;7;julio;3;2021;0
200;2021-07-19;19;lunes;7;julio;3;2021;0
201;2021-07-20;20;martes;7;julio;3;2021;0
202;2021-07-21;21;miércoles;7;julio;3;2021;0
203;2021-07-22;22;jueves;7;julio;3;2021;0
204;2021-07-23;23;viernes;7;julio;3;2021;0
205;2021-07-24;24;sábado;7;julio;3;2021;0
206;2021-07-25;25;domingo;7;julio;3;2021;0
207;2021-07-26;26;lunes;7;julio;3;2021;0
208;2021-07-27;27;martes;7;julio;3;2021;0
209;2021-07-28;28;miércoles;7;julio;3;2021;0
210;2021-07-29;29;jueves;7;julio;3;2021;0
211;2021-07-30;30;viernes;7;julio;3;2021;0
212;2021-07-31;31;sábado;7;julio;3;2021;0
213;2021-08-01;1;domingo;8;agosto;3;2021;0
214;2021-08-02;2;lunes;8;agosto;3;2021;0
215;2021-08-03;3;martes;8;agosto;3;2021;0
216;2021-08-04;4;miércoles;8;agosto;3;2021;0
217;2021-08-05;5;jueves;8;agosto;3;2021;0
218;2021-08-06;6;viernes;8;agosto;3;2021;0
219;2021-08-07;7;sábado;8;agosto;3;2021;0
220;2021-08-08;8;domingo;8;agosto;3;2021;0
221;2021-08-09;9;lunes;8;agosto;3;2021;0
222;2021-08-10;10;martes;8;agosto;3;2021;0
223;2021-08-11;11;miércoles;8;agosto;3;2021;0
224;2021-08-12;12;jueves;8;agosto;3;2021;0
225;2021-08-13;13;viernes;8;agosto;3;2021;0
226;2021-08-14;14;sábado;8;agosto;3;2021;0
227;2021-08-15;15;domingo;8;agosto;3;2021;0
228;2021-08-16;16;lunes;8;agosto;3;2021;1
229;2021-08-17;17;martes;8;agosto;3;2021;0
230;2021-08-18;18;miércoles;8;agosto;3;2021;0
231;2021-08-19;19;jueves;8;agosto;3;2021;0
232;2021-08-20;20;viernes;8;agosto;3;2021;0
233;2021-08-21;21;sábado;8;agosto;3;2021;0
234;2021-08-22;22;domingo;8;agosto;3;2021;0
235;2021-08-23;23;lunes;8;agosto;3;2021;0
236;2021-08-24;24;martes;8;agosto;3;2021;0
237;2021-08-25;25;miércoles;8;agosto;3;2021;0
238;2021-08-26;26;jueves;8;agosto;3;2021;0
239;2021-08-27;27;viernes;8;agosto;3;2021;0
240;2021-08-28;28;sábado;8;agosto;3;2021;0
241;2021-08-29;29;domingo;8;agosto;3;2021;0
242;2021-08-30;30;lunes;8;agosto;3;2021;0
243;2021-08-31;31;martes;8;agosto;3;2021;0
244;2021-09-01;1;miércoles;9;septiembre;3;2021;0
245;2021-09-02;2;jueves;9;septiembre;3;2021;0
246;2021-09-03;3;viernes;9;septiembre;3;2021;0
247;2021-09-04;4;sábado;9;septiembre;3;2021;0
248;2021-09-05;5;domingo;9;septiembre;3;2021;0
249;2021-09-06;6;lunes;9;septiembre;3;2021;0
250;2021-09-07;7;martes;9;septiembre;3;2021;0
251;2021-09-08;8;miércoles;9;septiembre;3;2021;0
252;2021-09-09;9;jueves;9;septiembre;3;2021;0
253;2021-09-10;10;viernes;9;septiembre;3;2021;0
254;2021-09-11;11;sábado;9;septiembre;3;2021;0
255;2021-09-12;12;domingo;9;septiembre;3;2021;0
256;2021-09-13;13;lunes;9;septiembre;3;2021;0
257;2021-09-14;14;martes;9;septiembre;3;2021;0
258;2021-09-15;15;miércoles;9;septiembre;3;2021;0
259;2021-09-16;16;jueves;9;septiembre;3;2021;0
260;2021-09-17;17;viernes;9;septiembre;3;2021;0
261;2021-09-18;18;sábado;9;septiembre;3;2021;0
262;2021-09-19;19;domingo;9;septiembre;3;2021;0
263;2021-09-20;20;lunes;9;septiembre;3;2021;0
264;2021-09-21;21;martes;9;septiembre;3;2021;0
265;2021-09-22;22;miércoles;9;septiembre;3;2021;0
266;2021-09-23;23;jueves;9;septiembre;3;2021;0
267;2021-09-24;24;viernes;9;septiembre;3;2021;0
268;2021-09-25;25;sábado;9;septiembre;3;2021;0
269;2021-09-26;26;domingo;9;septiembre;3;2021;0
270;2021-09-27;27;lunes;9;septiembre;3;2021;0
271;2021-09-28;28;martes;9;septiembre;3;2021;0
272;2021-09-29;29;miércoles;9;septiembre;3;2021;0
273;2021-09-30;30;jueves;9;septiembre;3;2021;0
274;2021-10-01;1;viernes;10;octubre;4;2021;0
275;2021-10-02;2;sábado;10;octubre;4;2021;0
276;2021-10-03;3;domingo;10;octubre;4;2021;0
277;2021-10-04;4;lunes;10;octubre;4;2021;0
278;2021-10-05;5;martes;10;octubre;4;2021;0
279;2021-10-06;6;miércoles;10;octubre;4;2021;0
280;2021-10-07;7;jueves;10;octubre;4;2021;0
281;2021-10-08;8;viernes;10;octubre;4;2021;1
282;2021-10-09;9;sábado;10;octubre;4;2021;0
283;2021-10-10;10;domingo;10;octubre;4;2021;0
284;2021-10-11;11;lunes;10;octubre;4;2021;1
285;2021-10-12;12;martes;10;octubre;4;2021;0
286;2021-10-13;13;miércoles;10;octubre;4;2021;0
287;2021-10-14;14;jueves;10;octubre;4;2021;0
288;2021-10-15;15;viernes;10;octubre;4;2021;0
289;2021-10-16;16;sábado;10;octubre;4;2021;0
290;2021-10-17;17;domingo;10;octubre;4;2021;0
291;2021-10-18;18;lunes;10;octubre;4;2021;0
292;2021-10-19;19;martes;10;octubre;4;2021;0
293;2021-10-20;20;miércoles;10;octubre;4;2021;0
294;2021-10-21;21;jueves;10;octubre;4;2021;0
295;2021-10-22;22;viernes;10;octubre;4;2021;0
296;2021-10-23;23;sábado;10;octubre;4;2021;0
297;2021-10-24;24;domingo;10;octubre;4;2021;0
298;2021-10-25;25;lunes;10;octubre;4;2021;0
299;2021-10-26;26;martes;10;octubre;4;2021;0
300;2021-10-27;27;miércoles;10;octubre;4;2021;0
301;2021-10-28;28;jueves;10;octubre;4;2021;0
302;2021-10-29;29;viernes;10;octubre;4;2021;0
303;2021-10-30;30;sábado;10;octubre;4;2021;0
304;2021-10-31;31;domingo;10;octubre;4;2021;0
305;2021-11-01;1;lunes;11;noviembre;4;2021;0
306;2021-11-02;2;martes;11;noviembre;4;2021;0
307;2021-11-03;3;miércoles;11;noviembre;4;2021;0
308;2021-11-04;4;jueves;11;noviembre;4;2021;0
309;2021-11-05;5;viernes;11;noviembre;4;2021;0
310;2021-11-06;6;sábado;11;noviembre;4;2021;0
311;2021-11-07;7;domingo;11;noviembre;4;2021;0
312;2021-11-08;8;lunes;11;noviembre;4;2021;0
313;2021-11-09;9;martes;11;noviembre;4;2021;0
314;2021-11-10;10;miércoles;11;noviembre;4;2021;0
315;2021-11-11;11;jueves;11;noviembre;4;2021;0
316;2021-11-12;12;viernes;11;noviembre;4;2021;0
317;2021-11-13;13;sábado;11;noviembre;4;2021;0
318;2021-11-14;14;domingo;11;noviembre;4;2021;0
319;2021-11-15;15;lunes;11;noviembre;4;2021;0
320;2021-11-16;16;martes;11;noviembre;4;2021;0
321;2021-11-17;17;miércoles;11;noviembre;4;2021;0
322;2021-11-18;18;jueves;11;noviembre;4;2021;0
323;2021-11-19;19;viernes;11;noviembre;4;2021;0
324;2021-11-20;20;sábado;11;noviembre;4;2021;1
325;2021-11-21;21;domingo;11;noviembre;4;2021;0
326;2021-11-22;22;lunes;11;noviembre;4;2021;1
327;2021-11-23;23;martes;11;noviembre;4;2021;0
328;2021-11-24;24;miércoles;11;noviembre;4;2021;0
329;2021-11-25;25;jueves;11;noviembre;4;2021;0
330;2021-11-26;26;viernes;11;noviembre;4;2021;0
331;2021-11-27;27;sábado;11;noviembre;4;2021;0
332;2021-11-28;28;domingo;11;noviembre;4;2021;0
333;2021-11-29;29;lunes;11;noviembre;4;2021;0
334;2021-11-30;30;martes;11;noviembre;4;2021;0
335;2021-12-01;1;miércoles;12;diciembre;4;2021;0
336;2021-12-02;2;jueves;12;diciembre;4;2021;0
337;2021-12-03;3;viernes;12;diciembre;4;2021;0
338;2021-12-04;4;sábado;12;diciembre;4;2021;0
339;2021-12-05;5;domingo;12;diciembre;4;2021;0
340;2021-12-06;6;lunes;12;diciembre;4;2021;0
341;2021-12-07;7;martes;12;diciembre;4;2021;0
342;2021-12-08;8;miércoles;12;diciembre;4;2021;1
343;2021-12-09;9;jueves;12;diciembre;4;2021;0
344;2021-12-10;10;viernes;12;diciembre;4;2021;0
345;2021-12-11;11;sábado;12;diciembre;4;2021;0
346;2021-12-12;12;domingo;12;diciembre;4;2021;0
347;2021-12-13;13;lunes;12;diciembre;4;2021;0
348;2021-12-14;14;martes;12;diciembre;4;2021;0
349;2021-12-15;15;miércoles;12;diciembre;4;2021;0
350;2021-12-16;16;jueves;12;diciembre;4;2021;0
351;2021-12-17;17;viernes;12;diciembre;4;2021;0
352;2021-12-18;18;sábado;12;diciembre;4;2021;0
353;2021-12-19;19;domingo;12;diciembre;4;2021;0
354;2021-12-20;20;lunes;12;diciembre;4;2021;0
355;2021-12-21;21;martes;12;diciembre;4;2021;0
356;2021-12-22;22;miércoles;12;diciembre;4;2021;0
357;2021-12-23;23;jueves;12;diciembre;4;2021;0
358;2021-12-24;24;viernes;12;diciembre;4;2021;0
359;2021-12-25;25;sábado;12;diciembre;4;2021;1
360;2021-12-26;26;domingo;12;diciembre;4;2021;0
361;2021-12-27;27;lunes;12;diciembre;4;2021;0
362;2021-12-28;28;martes;12;diciembre;4;2021;0
363;2021-12-29;29;miércoles;12;diciembre;4;2021;0
364;2021-12-30;30;jueves;12;diciembre;4;2021;0
365;2021-12-31;31;viernes;12;diciembre;4;2021;0
366;2022-01-01;1;sábado;1;enero;1;2022;1
367;2022-01-02;2;domingo;1;enero;1;2022;0
368;2022-01-03;3;lunes;1;enero;1;2022;0
369;2022-01-04;4;martes;1;enero;1;2022;0
370;2022-01-05;5;miércoles;1;enero;1;2022;0
371;2022-01-06;6;jueves;1;enero;1;2022;0
372;2022-01-07;7;viernes;1;enero;1;2022;0
373;2022-01-08;8;sábado;1;enero;1;2022;0
374;2022-01-09;9;domingo;1;enero;1;2022;0
375;2022-01-10;10;lunes;1;enero;1;2022;0
376;2022-01-11;11;martes;1;enero;1;2022;0
377;2022-01-12;12;miércoles;1;enero;1;2022;0
378;2022-01-13;13;jueves;1;enero;1;2022;0
379;2022-01-14;14;viernes;1;enero;1;2022;0
380;2022-01-15;15;sábado;1;enero;1;2022;0
381;2022-01-16;16;domingo;1;enero;1;2022;0
382;2022-01-17;17;lunes;1;enero;1;2022;0
383;2022-01-18;18;martes;1;enero;1;2022;0
384;2022-01-19;19;miércoles;1;enero;1;2022;0
385;2022-01-20;20;jueves;1;enero;1;2022;0
386;2022-01-21;21;viernes;1;enero;1;2022;0
387;2022-01-22;22;sábado;1;enero;1;2022;0
388;2022-01-23;23;domingo;1;enero;1;2022;0
389;2022-01-24;24;lunes;1;enero;1;2022;0
390;2022-01-25;25;martes;1;enero;1;2022;0
391;2022-01-26;26;miércoles;1;enero;1;2022;0
392;2022-01-27;27;jueves;1;enero;1;2022;0
393;2022-01-28;28;viernes;1;enero;1;2022;0
394;2022-01-29;29;sábado;1;enero;1;2022;0
395;2022-01-30;30;domingo;1;enero;1;2022;0
396;2022-01-31;31;lunes;1;enero;1;2022;0
397;2022-02-01;1;martes;2;febrero;1;2022;0
398;2022-02-02;2;miércoles;2;febrero;1;2022;0
399;2022-02-03;3;jueves;2;febrero;1;2022;0
400;2022-02-04;4;viernes;2;febrero;1;2022;0
401;2022-02-05;5;sábado;2;febrero;1;2022;0
402;2022-02-06;6;domingo;2;febrero;1;2022;0
403;2022-02-07;7;lunes;2;febrero;1;2022;0
404;2022-02-08;8;martes;2;febrero;1;2022;0
405;2022-02-09;9;miércoles;2;febrero;1;2022;0
406;2022-02-10;10;jueves;2;febrero;1;2022;0
407;2022-02-11;11;viernes;2;febrero;1;2022;0
408;2022-02-12;12;sábado;2;febrero;1;2022;0
409;2022-02-13;13;domingo;2;febrero;1;2022;0
410;2022-02-14;14;lunes;2;febrero;1;2022;0
411;2022-02-15;15;martes;2;febrero;1;2022;0
412;2022-02-16;16;miércoles;2;febrero;1;2022;0
413;2022-02-17;17;jueves;2;febrero;1;2022;0
414;2022-02-18;18;viernes;2;febrero;1;2022;0
415;2022-02-19;19;sábado;2;febrero;1;2022;0
416;2022-02-20;20;domingo;2;febrero;1;2022;0
417;2022-02-21;21;lunes;2;febrero;1;2022;0
418;2022-02-22;22;martes;2;febrero;1;2022;0
419;2022-02-23;23;miércoles;2;febrero;1;2022;0
420;2022-02-24;24;jueves;2;febrero;1;2022;0
421;2022-02-25;25;viernes;2;febrero;1;2022;0
422;2022-02-26;26;sábado;2;febrero;1;2022;0
423;2022-02-27;27;domingo;2;febrero;1;2022;0
424;2022-02-28;28;lunes;2;febrero;1;2022;1
425;2022-03-01;1;martes;3;marzo;1;2022;1
426;2022-03-02;2;miércoles;3;marzo;1;2022;0
427;2022-03-03;3;jueves;3;marzo;1;2022;0
428;2022-03-04;4;viernes;3;marzo;1;2022;0
429;2022-03-05;5;sábado;3;marzo;1;2022;0
430;2022-03-06;6;domingo;3;marzo;1;2022;0
431;2022-03-07;7;lunes;3;marzo;1;2022;0
432;2022-03-08;8;martes;3;marzo;1;2022;0
433;2022-03-09;9;miércoles;3;marzo;1;2022;0
434;2022-03-10;10;jueves;3;marzo;1;2022;0
435;2022-03-11;11;viernes;3;marzo;1;2022;0
436;2022-03-12;12;sábado;3;marzo;1;2022;0
437;2022-03-13;13;domingo;3;marzo;1;2022;0
438;2022-03-14;14;lunes;3;marzo;1;2022;0
439;2022-03-15;15;martes;3;marzo;1;2022;0
440;2022-03-16;16;miércoles;3;marzo;1;2022;0
441;2022-03-17;17;jueves;3;marzo;1;2022;0
442;2022-03-18;18;viernes;3;marzo;1;2022;0
443;2022-03-19;19;sábado;3;marzo;1;2022;0
444;2022-03-20;20;domingo;3;marzo;1;2022;0
445;2022-03-21;21;lunes;3;marzo;1;2022;0
446;2022-03-22;22;martes;3;marzo;1;2022;0
447;2022-03-23;23;miércoles;3;marzo;1;2022;0
448;2022-03-24;24;jueves;3;marzo;1;2022;1
449;2022-03-25;25;viernes;3;marzo;1;2022;0
450;2022-03-26;26;sábado;3;marzo;1;2022;0
451;2022-03-27;27;domingo;3;marzo;1;2022;0
452;2022-03-28;28;lunes;3;marzo;1;2022;0
453;2022-03-29;29;martes;3;marzo;1;2022;0
454;2022-03-30;30;miércoles;3;marzo;1;2022;0
455;2022-03-31;31;jueves;3;marzo;1;2022;0
456;2022-04-01;1;viernes;4;abril;2;2022;0
457;2022-04-02;2;sábado;4;abril;2;2022;1
458;2022-04-03;3;domingo;4;abril;2;2022;0
459;2022-04-04;4;lunes;4;abril;2;2022;0
460;2022-04-05;5;martes;4;abril;2;2022;0
461;2022-04-06;6;miércoles;4;abril;2;2022;0
462;2022-04-07;7;jueves;4;abril;2;2022;0
463;2022-04-08;8;viernes;4;abril;2;2022;0
464;2022-04-09;9;sábado;4;abril;2;2022;0
465;2022-04-10;10;domingo;4;abril;2;2022;0
466;2022-04-11;11;lunes;4;abril;2;2022;0
467;2022-04-12;12;martes;4;abril;2;2022;0
468;2022-04-13;13;miércoles;4;abril;2;2022;0
469;2022-04-14;14;jueves;4;abril;2;2022;0
470;2022-04-15;15;viernes;4;abril;2;2022;1
471;2022-04-16;16;sábado;4;abril;2;2022;0
472;2022-04-17;17;domingo;4;abril;2;2022;0
473;2022-04-18;18;lunes;4;abril;2;2022;0
474;2022-04-19;19;martes;4;abril;2;2022;0
475;2022-04-20;20;miércoles;4;abril;2;2022;0
476;2022-04-21;21;jueves;4;abril;2;2022;0
477;2022-04-22;22;viernes;4;abril;2;2022;0
478;2022-04-23;23;sábado;4;abril;2;2022;0
479;2022-04-24;24;domingo;4;abril;2;2022;0
480;2022-04-25;25;lunes;4;abril;2;2022;0
481;2022-04-26;26;martes;4;abril;2;2022;0
482;2022-04-27;27;miércoles;4;abril;2;2022;0
483;2022-04-28;28;jueves;4;abril;2;2022;0
484;2022-04-29;29;viernes;4;abril;2;2022;0
485;2022-04-30;30;sábado;4;abril;2;2022;0
486;2022-05-01;1;domingo;5;mayo;2;2022;1
487;2022-05-02;2;lunes;5;mayo;2;2022;0
488;2022-05-03;3;martes;5;mayo;2;2022;0
489;2022-05-04;4;miércoles;5;mayo;2;2022;0
490;2022-05-05;5;jueves;5;mayo;2;2022;0
491;2022-05-06;6;viernes;5;mayo;2;2022;0
492;2022-05-07;7;sábado;5;mayo;2;2022;0
493;2022-05-08;8;domingo;5;mayo;2;2022;0
494;2022-05-09;9;lunes;5;mayo;2;2022;0
495;2022-05-10;10;martes;5;mayo;2;2022;0
496;2022-05-11;11;miércoles;5;mayo;2;2022;0
497;2022-05-12;12;jueves;5;mayo;2;2022;0
498;2022-05-13;13;viernes;5;mayo;2;2022;0
499;2022-05-14;14;sábado;5;mayo;2;2022;0
500;2022-05-15;15;domingo;5;mayo;2;2022;0
501;2022-05-16;16;lunes;5;mayo;2;2022;0
502;2022-05-17;17;martes;5;mayo;2;2022;0
503;2022-05-18;18;miércoles;5;mayo;2;2022;1
504;2022-05-19;19;jueves;5;mayo;2;2022;0
505;2022-05-20;20;viernes;5;mayo;2;2022;0
506;2022-05-21;21;sábado;5;mayo;2;2022;0
507;2022-05-22;22;domingo;5;mayo;2;2022;0
508;2022-05-23;23;lunes;5;mayo;2;2022;0
509;2022-05-24;24;martes;5;mayo;2;2022;0
510;2022-05-25;25;miércoles;5;mayo;2;2022;1
511;2022-05-26;26;jueves;5;mayo;2;2022;0
512;2022-05-27;27;viernes;5;mayo;2;2022;0
513;2022-05-28;28;sábado;5;mayo;2;2022;0
514;2022-05-29;29;domingo;5;mayo;2;2022;0
515;2022-05-30;30;lunes;5;mayo;2;2022;0
516;2022-05-31;31;martes;5;mayo;2;2022;0
517;2022-06-01;1;miércoles;6;junio;2;2022;0
518;2022-06-02;2;jueves;6;junio;2;2022;0
519;2022-06-03;3;viernes;6;junio;2;2022;0
520;2022-06-04;4;sábado;6;junio;2;2022;0
521;2022-06-05;5;domingo;6;junio;2;2022;0
522;2022-06-06;6;lunes;6;junio;2;2022;0
523;2022-06-07;7;martes;6;junio;2;2022;0
524;2022-06-08;8;miércoles;6;junio;2;2022;0
525;2022-06-09;9;jueves;6;junio;2;2022;0
526;2022-06-10;10;viernes;6;junio;2;2022;0
527;2022-06-11;11;sábado;6;junio;2;2022;0
528;2022-06-12;12;domingo;6;junio;2;2022;0
529;2022-06-13;13;lunes;6;junio;2;2022;0
530;2022-06-14;14;martes;6;junio;2;2022;0
531;2022-06-15;15;miércoles;6;junio;2;2022;0
532;2022-06-16;16;jueves;6;junio;2;2022;0
533;2022-06-17;17;viernes;6;junio;2;2022;1
534;2022-06-18;18;sábado;6;junio;2;2022;0
535;2022-06-19;19;domingo;6;junio;2;2022;0
536;2022-06-20;20;lunes;6;junio;2;2022;1
537;2022-06-21;21;martes;6;junio;2;2022;0
538;2022-06-22;22;miércoles;6;junio;2;2022;0
539;2022-06-23;23;jueves;6;junio;2;2022;0
540;2022-06-24;24;viernes;6;junio;2;2022;0
541;2022-06-25;25;sábado;6;junio;2;2022;0
542;2022-06-26;26;domingo;6;junio;2;2022;0
543;2022-06-27;27;lunes;6;junio;2;2022;0
544;2022-06-28;28;martes;6;junio;2;2022;0
545;2022-06-29;29;miércoles;6;junio;2;2022;0
546;2022-06-30;30;jueves;6;junio;2;2022;0
547;2022-07-01;1;viernes;7;julio;3;2022;0
548;2022-07-02;2;sábado;7;julio;3;2022;0
549;2022-07-03;3;domingo;7;julio;3;2022;0
550;2022-07-04;4;lunes;7;julio;3;2022;0
551;2022-07-05;5;martes;7;julio;3;2022;0
552;2022-07-06;6;miércoles;7;julio;3;2022;0
553;2022-07-07;7;jueves;7;julio;3;2022;0
554;2022-07-08;8;viernes;7;julio;3;2022;0
555;2022-07-09;9;sábado;7;julio;3;2022;1
556;2022-07-10;10;domingo;7;julio;3;2022;0
557;2022-07-11;11;lunes;7;julio;3;2022;0
558;2022-07-12;12;martes;7;julio;3;2022;0
559;2022-07-13;13;miércoles;7;julio;3;2022;0
560;2022-07-14;14;jueves;7;julio;3;2022;0
561;2022-07-15;15;viernes;7;julio;3;2022;0
562;2022-07-16;16;sábado;7;julio;3;2022;0
563;2022-07-17;17;domingo;7;julio;3;2022;0
564;2022-07-18;18;lunes;7;julio;3;2022;0
565;2022-07-19;19;martes;7;julio;3;2022;0
566;2022-07-20;20;miércoles;7;julio;3;2022;0
567;2022-07-21;21;jueves;7;julio;3;2022;0
568;2022-07-22;22;viernes;7;julio;3;2022;0
569;2022-07-23;23;sábado;7;julio;3;2022;0
570;2022-07-24;24;domingo;7;julio;3;2022;0
571;2022-07-25;25;lunes;7;julio;3;2022;0
572;2022-07-26;26;martes;7;julio;3;2022;0
573;2022-07-27;27;miércoles;7;julio;3;2022;0
574;2022-07-28;28;jueves;7;julio;3;2022;0
575;2022-07-29;29;viernes;7;julio;3;2022;0
576;2022-07-30;30;sábado;7;julio;3;2022;0
577;2022-07-31;31;domingo;7;julio;3;2022;0
578;2022-08-01;1;lunes;8;agosto;3;2022;0
579;2022-08-02;2;martes;8;agosto;3;2022;0
580;2022-08-03;3;miércoles;8;agosto;3;2022;0
581;2022-08-04;4;jueves;8;agosto;3;2022;0
582;2022-08-05;5;viernes;8;agosto;3;2022;0
583;2022-08-06;6;sábado;8;agosto;3;2022;0
584;2022-08-07;7;domingo;8;agosto;3;2022;0
585;2022-08-08;8;lunes;8;agosto;3;2022;0
586;2022-08-09;9;martes;8;agosto;3;2022;0
587;2022-08-10;10;miércoles;8;agosto;3;2022;0
588;2022-08-11;11;jueves;8;agosto;3;2022;0
589;2022-08-12;12;viernes;8;agosto;3;2022;0
590;2022-08-13;13;sábado;8;agosto;3;2022;0
591;2022-08-14;14;domingo;8;agosto;3;2022;0
592;2022-08-15;15;lunes;8;agosto;3;2022;1
593;2022-08-16;16;martes;8;agosto;3;2022;0
594;2022-08-17;17;miércoles;8;agosto;3;2022;0
595;2022-08-18;18;jueves;8;agosto;3;2022;0
596;2022-08-19;19;viernes;8;agosto;3;2022;0
597;2022-08-20;20;sábado;8;agosto;3;2022;0
598;2022-08-21;21;domingo;8;agosto;3;2022;0
599;2022-08-22;22;lunes;8;agosto;3;2022;0
600;2022-08-23;23;martes;8;agosto;3;2022;0
601;2022-08-24;24;miércoles;8;agosto;3;2022;0
602;2022-08-25;25;jueves;8;agosto;3;2022;0
603;2022-08-26;26;viernes;8;agosto;3;2022;0
604;2022-08-27;27;sábado;8;agosto;3;2022;0
605;2022-08-28;28;domingo;8;agosto;3;2022;0
606;2022-08-29;29;lunes;8;agosto;3;2022;0
607;2022-08-30;30;martes;8;agosto;3;2022;0
608;2022-08-31;31;miércoles;8;agosto;3;2022;0
609;2022-09-01;1;jueves;9;septiembre;3;2022;0
610;2022-09-02;2;viernes;9;septiembre;3;2022;0
611;2022-09-03;3;sábado;9;septiembre;3;2022;0
612;2022-09-04;4;domingo;9;septiembre;3;2022;0
613;2022-09-05;5;lunes;9;septiembre;3;2022;0
614;2022-09-06;6;martes;9;septiembre;3;2022;0
615;2022-09-07;7;miércoles;9;septiembre;3;2022;0
616;2022-09-08;8;jueves;9;septiembre;3;2022;0
617;2022-09-09;9;viernes;9;septiembre;3;2022;0
618;2022-09-10;10;sábado;9;septiembre;3;2022;0
619;2022-09-11;11;domingo;9;septiembre;3;2022;0
620;2022-09-12;12;lunes;9;septiembre;3;2022;0
621;2022-09-13;13;martes;9;septiembre;3;2022;0
622;2022-09-14;14;miércoles;9;septiembre;3;2022;0
623;2022-09-15;15;jueves;9;septiembre;3;2022;0
624;2022-09-16;16;viernes;9;septiembre;3;2022;0
625;2022-09-17;17;sábado;9;septiembre;3;2022;0
626;2022-09-18;18;domingo;9;septiembre;3;2022;0
627;2022-09-19;19;lunes;9;septiembre;3;2022;0
628;2022-09-20;20;martes;9;septiembre;3;2022;0
629;2022-09-21;21;miércoles;9;septiembre;3;2022;0
630;2022-09-22;22;jueves;9;septiembre;3;2022;0
631;2022-09-23;23;viernes;9;septiembre;3;2022;0
632;2022-09-24;24;sábado;9;septiembre;3;2022;0
633;2022-09-25;25;domingo;9;septiembre;3;2022;0
634;2022-09-26;26;lunes;9;septiembre;3;2022;0
635;2022-09-27;27;martes;9;septiembre;3;2022;0
636;2022-09-28;28;miércoles;9;septiembre;3;2022;0
637;2022-09-29;29;jueves;9;septiembre;3;2022;0
638;2022-09-30;30;viernes;9;septiembre;3;2022;0
639;2022-10-01;1;sábado;10;octubre;4;2022;0
640;2022-10-02;2;domingo;10;octubre;4;2022;0
641;2022-10-03;3;lunes;10;octubre;4;2022;0
642;2022-10-04;4;martes;10;octubre;4;2022;0
643;2022-10-05;5;miércoles;10;octubre;4;2022;0
644;2022-10-06;6;jueves;10;octubre;4;2022;0
645;2022-10-07;7;viernes;10;octubre;4;2022;1
646;2022-10-08;8;sábado;10;octubre;4;2022;0
647;2022-10-09;9;domingo;10;octubre;4;2022;0
648;2022-10-10;10;lunes;10;octubre;4;2022;1
649;2022-10-11;11;martes;10;octubre;4;2022;0
650;2022-10-12;12;miércoles;10;octubre;4;2022;0
651;2022-10-13;13;jueves;10;octubre;4;2022;0
652;2022-10-14;14;viernes;10;octubre;4;2022;0
653;2022-10-15;15;sábado;10;octubre;4;2022;0
654;2022-10-16;16;domingo;10;octubre;4;2022;0
655;2022-10-17;17;lunes;10;octubre;4;2022;0
656;2022-10-18;18;martes;10;octubre;4;2022;0
657;2022-10-19;19;miércoles;10;octubre;4;2022;0
658;2022-10-20;20;jueves;10;octubre;4;2022;0
659;2022-10-21;21;viernes;10;octubre;4;2022;0
660;2022-10-22;22;sábado;10;octubre;4;2022;0
661;2022-10-23;23;domingo;10;octubre;4;2022;0
662;2022-10-24;24;lunes;10;octubre;4;2022;0
663;2022-10-25;25;martes;10;octubre;4;2022;0
664;2022-10-26;26;miércoles;10;octubre;4;2022;0
665;2022-10-27;27;jueves;10;octubre;4;2022;0
666;2022-10-28;28;viernes;10;octubre;4;2022;0
667;2022-10-29;29;sábado;10;octubre;4;2022;0
668;2022-10-30;30;domingo;10;octubre;4;2022;0
669;2022-10-31;31;lunes;10;octubre;4;2022;0
670;2022-11-01;1;martes;11;noviembre;4;2022;0
671;2022-11-02;2;miércoles;11;noviembre;4;2022;0
672;2022-11-03;3;jueves;11;noviembre;4;2022;0
673;2022-11-04;4;viernes;11;noviembre;4;2022;0
674;2022-11-05;5;sábado;11;noviembre;4;2022;0
675;2022-11-06;6;domingo;11;noviembre;4;2022;0
676;2022-11-07;7;lunes;11;noviembre;4;2022;0
677;2022-11-08;8;martes;11;noviembre;4;2022;0
678;2022-11-09;9;miércoles;11;noviembre;4;2022;0
679;2022-11-10;10;jueves;11;noviembre;4;2022;0
680;2022-11-11;11;viernes;11;noviembre;4;2022;0
681;2022-11-12;12;sábado;11;noviembre;4;2022;0
682;2022-11-13;13;domingo;11;noviembre;4;2022;0
683;2022-11-14;14;lunes;11;noviembre;4;2022;0
684;2022-11-15;15;martes;11;noviembre;4;2022;0
685;2022-11-16;16;miércoles;11;noviembre;4;2022;0
686;2022-11-17;17;jueves;11;noviembre;4;2022;0
687;2022-11-18;18;viernes;11;noviembre;4;2022;0
688;2022-11-19;19;sábado;11;noviembre;4;2022;0
689;2022-11-20;20;domingo;11;noviembre;4;2022;1
690;2022-11-21;21;lunes;11;noviembre;4;2022;1
691;2022-11-22;22;martes;11;noviembre;4;2022;0
692;2022-11-23;23;miércoles;11;noviembre;4;2022;0
693;2022-11-24;24;jueves;11;noviembre;4;2022;0
694;2022-11-25;25;viernes;11;noviembre;4;2022;0
695;2022-11-26;26;sábado;11;noviembre;4;2022;0
696;2022-11-27;27;domingo;11;noviembre;4;2022;0
697;2022-11-28;28;lunes;11;noviembre;4;2022;0
698;2022-11-29;29;martes;11;noviembre;4;2022;0
699;2022-11-30;30;miércoles;11;noviembre;4;2022;0
700;2022-12-01;1;jueves;12;diciembre;4;2022;0
701;2022-12-02;2;viernes;12;diciembre;4;2022;0
702;2022-12-03;3;sábado;12;diciembre;4;2022;0
703;2022-12-04;4;domingo;12;diciembre;4;2022;0
704;2022-12-05;5;lunes;12;diciembre;4;2022;0
705;2022-12-06;6;martes;12;diciembre;4;2022;0
706;2022-12-07;7;miércoles;12;diciembre;4;2022;0
707;2022-12-08;8;jueves;12;diciembre;4;2022;1
708;2022-12-09;9;viernes;12;diciembre;4;2022;1
709;2022-12-10;10;sábado;12;diciembre;4;2022;0
710;2022-12-11;11;domingo;12;diciembre;4;2022;0
711;2022-12-12;12;lunes;12;diciembre;4;2022;0
712;2022-12-13;13;martes;12;diciembre;4;2022;0
713;2022-12-14;14;miércoles;12;diciembre;4;2022;0
714;2022-12-15;15;jueves;12;diciembre;4;2022;0
715;2022-12-16;16;viernes;12;diciembre;4;2022;0
716;2022-12-17;17;sábado;12;diciembre;4;2022;0
717;2022-12-18;18;domingo;12;diciembre;4;2022;0
718;2022-12-19;19;lunes;12;diciembre;4;2022;0
719;2022-12-20;20;martes;12;diciembre;4;2022;0
720;2022-12-21;21;miércoles;12;diciembre;4;2022;0
721;2022-12-22;22;jueves;12;diciembre;4;2022;0
722;2022-12-23;23;viernes;12;diciembre;4;2022;0
723;2022-12-24;24;sábado;12;diciembre;4;2022;0
724;2022-12-25;25;domingo;12;diciembre;4;2022;1
725;2022-12-26;26;lunes;12;diciembre;4;2022;0
726;2022-12-27;27;martes;12;diciembre;4;2022;0
727;2022-12-28;28;miércoles;12;diciembre;4;2022;0
728;2022-12-29;29;jueves;12;diciembre;4;2022;0
729;2022-12-30;30;viernes;12;diciembre;4;2022;0
730;2022-12-31;31;sábado;12;diciembre;4;2022;0
731;2023-01-01;1;domingo;1;enero;1;2023;1
732;2023-01-02;2;lunes;1;enero;1;2023;0
733;2023-01-03;3;martes;1;enero;1;2023;0
734;2023-01-04;4;miércoles;1;enero;1;2023;0
735;2023-01-05;5;jueves;1;enero;1;2023;0
736;2023-01-06;6;viernes;1;enero;1;2023;0
737;2023-01-07;7;sábado;1;enero;1;2023;0
738;2023-01-08;8;domingo;1;enero;1;2023;0
739;2023-01-09;9;lunes;1;enero;1;2023;0
740;2023-01-10;10;martes;1;enero;1;2023;0
741;2023-01-11;11;miércoles;1;enero;1;2023;0
742;2023-01-12;12;jueves;1;enero;1;2023;0
743;2023-01-13;13;viernes;1;enero;1;2023;0
744;2023-01-14;14;sábado;1;enero;1;2023;0
745;2023-01-15;15;domingo;1;enero;1;2023;0
746;2023-01-16;16;lunes;1;enero;1;2023;0
747;2023-01-17;17;martes;1;enero;1;2023;0
748;2023-01-18;18;miércoles;1;enero;1;2023;0
749;2023-01-19;19;jueves;1;enero;1;2023;0
750;2023-01-20;20;viernes;1;enero;1;2023;0
751;2023-01-21;21;sábado;1;enero;1;2023;0
752;2023-01-22;22;domingo;1;enero;1;2023;0
753;2023-01-23;23;lunes;1;enero;1;2023;0
754;2023-01-24;24;martes;1;enero;1;2023;0
755;2023-01-25;25;miércoles;1;enero;1;2023;0
756;2023-01-26;26;jueves;1;enero;1;2023;0
757;2023-01-27;27;viernes;1;enero;1;2023;0
758;2023-01-28;28;sábado;1;enero;1;2023;0
759;2023-01-29;29;domingo;1;enero;1;2023;0
760;2023-01-30;30;lunes;1;enero;1;2023;0
761;2023-01-31;31;martes;1;enero;1;2023;0
762;2023-02-01;1;miércoles;2;febrero;1;2023;0
763;2023-02-02;2;jueves;2;febrero;1;2023;0
764;2023-02-03;3;viernes;2;febrero;1;2023;0
765;2023-02-04;4;sábado;2;febrero;1;2023;0
766;2023-02-05;5;domingo;2;febrero;1;2023;0
767;2023-02-06;6;lunes;2;febrero;1;2023;0
768;2023-02-07;7;martes;2;febrero;1;2023;0
769;2023-02-08;8;miércoles;2;febrero;1;2023;0
770;2023-02-09;9;jueves;2;febrero;1;2023;0
771;2023-02-10;10;viernes;2;febrero;1;2023;0
772;2023-02-11;11;sábado;2;febrero;1;2023;0
773;2023-02-12;12;domingo;2;febrero;1;2023;0
774;2023-02-13;13;lunes;2;febrero;1;2023;0
775;2023-02-14;14;martes;2;febrero;1;2023;0
776;2023-02-15;15;miércoles;2;febrero;1;2023;0
777;2023-02-16;16;jueves;2;febrero;1;2023;0
778;2023-02-17;17;viernes;2;febrero;1;2023;0
779;2023-02-18;18;sábado;2;febrero;1;2023;0
780;2023-02-19;19;domingo;2;febrero;1;2023;0
781;2023-02-20;20;lunes;2;febrero;1;2023;0
782;2023-02-21;21;martes;2;febrero;1;2023;0
783;2023-02-22;22;miércoles;2;febrero;1;2023;0
784;2023-02-23;23;jueves;2;febrero;1;2023;0
785;2023-02-24;24;viernes;2;febrero;1;2023;0
786;2023-02-25;25;sábado;2;febrero;1;2023;0
787;2023-02-26;26;domingo;2;febrero;1;2023;0
788;2023-02-27;27;lunes;2;febrero;1;2023;0
789;2023-02-28;28;martes;2;febrero;1;2023;0
790;2023-03-01;1;miércoles;3;marzo;1;2023;0
791;2023-03-02;2;jueves;3;marzo;1;2023;0
792;2023-03-03;3;viernes;3;marzo;1;2023;0
793;2023-03-04;4;sábado;3;marzo;1;2023;0
794;2023-03-05;5;domingo;3;marzo;1;2023;0
795;2023-03-06;6;lunes;3;marzo;1;2023;0
796;2023-03-07;7;martes;3;marzo;1;2023;0
797;2023-03-08;8;miércoles;3;marzo;1;2023;0
798;2023-03-09;9;jueves;3;marzo;1;2023;0
799;2023-03-10;10;viernes;3;marzo;1;2023;0
800;2023-03-11;11;sábado;3;marzo;1;2023;0
801;2023-03-12;12;domingo;3;marzo;1;2023;0
802;2023-03-13;13;lunes;3;marzo;1;2023;0
803;2023-03-14;14;martes;3;marzo;1;2023;0
804;2023-03-15;15;miércoles;3;marzo;1;2023;0
805;2023-03-16;16;jueves;3;marzo;1;2023;0
806;2023-03-17;17;viernes;3;marzo;1;2023;0
807;2023-03-18;18;sábado;3;marzo;1;2023;0
808;2023-03-19;19;domingo;3;marzo;1;2023;0
809;2023-03-20;20;lunes;3;marzo;1;2023;0
810;2023-03-21;21;martes;3;marzo;1;2023;0
811;2023-03-22;22;miércoles;3;marzo;1;2023;0
812;2023-03-23;23;jueves;3;marzo;1;2023;0
813;2023-03-24;24;viernes;3;marzo;1;2023;1
814;2023-03-25;25;sábado;3;marzo;1;2023;0
815;2023-03-26;26;domingo;3;marzo;1;2023;0
816;2023-03-27;27;lunes;3;marzo;1;2023;0
817;2023-03-28;28;martes;3;marzo;1;2023;0
818;2023-03-29;29;miércoles;3;marzo;1;2023;0
819;2023-03-30;30;jueves;3;marzo;1;2023;0
820;2023-03-31;31;viernes;3;marzo;1;2023;0
821;2023-04-01;1;sábado;4;abril;2;2023;0
822;2023-04-02;2;domingo;4;abril;2;2023;1
823;2023-04-03;3;lunes;4;abril;2;2023;0
824;2023-04-04;4;martes;4;abril;2;2023;0
825;2023-04-05;5;miércoles;4;abril;2;2023;0
826;2023-04-06;6;jueves;4;abril;2;2023;0
827;2023-04-07;7;viernes;4;abril;2;2023;0
828;2023-04-08;8;sábado;4;abril;2;2023;0
829;2023-04-09;9;domingo;4;abril;2;2023;0
830;2023-04-10;10;lunes;4;abril;2;2023;0
831;2023-04-11;11;martes;4;abril;2;2023;0
832;2023-04-12;12;miércoles;4;abril;2;2023;0
833;2023-04-13;13;jueves;4;abril;2;2023;0
834;2023-04-14;14;viernes;4;abril;2;2023;0
835;2023-04-15;15;sábado;4;abril;2;2023;0
836;2023-04-16;16;domingo;4;abril;2;2023;0
837;2023-04-17;17;lunes;4;abril;2;2023;0
838;2023-04-18;18;martes;4;abril;2;2023;0
839;2023-04-19;19;miércoles;4;abril;2;2023;0
840;2023-04-20;20;jueves;4;abril;2;2023;0
841;2023-04-21;21;viernes;4;abril;2;2023;0
842;2023-04-22;22;sábado;4;abril;2;2023;0
843;2023-04-23;23;domingo;4;abril;2;2023;0
844;2023-04-24;24;lunes;4;abril;2;2023;0
845;2023-04-25;25;martes;4;abril;2;2023;0
846;2023-04-26;26;miércoles;4;abril;2;2023;0
847;2023-04-27;27;jueves;4;abril;2;2023;0
848;2023-04-28;28;viernes;4;abril;2;2023;0
849;2023-04-29;29;sábado;4;abril;2;2023;0
850;2023-04-30;30;domingo;4;abril;2;2023;0
851;2023-05-01;1;lunes;5;mayo;2;2023;1
852;2023-05-02;2;martes;5;mayo;2;2023;0
853;2023-05-03;3;miércoles;5;mayo;2;2023;0
854;2023-05-04;4;jueves;5;mayo;2;2023;0
855;2023-05-05;5;viernes;5;mayo;2;2023;0
856;2023-05-06;6;sábado;5;mayo;2;2023;0
857;2023-05-07;7;domingo;5;mayo;2;2023;0
858;2023-05-08;8;lunes;5;mayo;2;2023;0
859;2023-05-09;9;martes;5;mayo;2;2023;0
860;2023-05-10;10;miércoles;5;mayo;2;2023;0
861;2023-05-11;11;jueves;5;mayo;2;2023;0
862;2023-05-12;12;viernes;5;mayo;2;2023;0
863;2023-05-13;13;sábado;5;mayo;2;2023;0
864;2023-05-14;14;domingo;5;mayo;2;2023;0
865;2023-05-15;15;lunes;5;mayo;2;2023;0
866;2023-05-16;16;martes;5;mayo;2;2023;0
867;2023-05-17;17;miércoles;5;mayo;2;2023;0
868;2023-05-18;18;jueves;5;mayo;2;2023;0
869;2023-05-19;19;viernes;5;mayo;2;2023;0
870;2023-05-20;20;sábado;5;mayo;2;2023;0
871;2023-05-21;21;domingo;5;mayo;2;2023;0
872;2023-05-22;22;lunes;5;mayo;2;2023;0
873;2023-05-23;23;martes;5;mayo;2;2023;0
874;2023-05-24;24;miércoles;5;mayo;2;2023;0
875;2023-05-25;25;jueves;5;mayo;2;2023;1
876;2023-05-26;26;viernes;5;mayo;2;2023;0
877;2023-05-27;27;sábado;5;mayo;2;2023;0
878;2023-05-28;28;domingo;5;mayo;2;2023;0
879;2023-05-29;29;lunes;5;mayo;2;2023;0
880;2023-05-30;30;martes;5;mayo;2;2023;0
881;2023-05-31;31;miércoles;5;mayo;2;2023;0
882;2023-06-01;1;jueves;6;junio;2;2023;0
883;2023-06-02;2;viernes;6;junio;2;2023;0
884;2023-06-03;3;sábado;6;junio;2;2023;0
885;2023-06-04;4;domingo;6;junio;2;2023;0
886;2023-06-05;5;lunes;6;junio;2;2023;0
887;2023-06-06;6;martes;6;junio;2;2023;0
888;2023-06-07;7;miércoles;6;junio;2;2023;0
889;2023-06-08;8;jueves;6;junio;2;2023;0
890;2023-06-09;9;viernes;6;junio;2;2023;0
891;2023-06-10;10;sábado;6;junio;2;2023;0
892;2023-06-11;11;domingo;6;junio;2;2023;0
893;2023-06-12;12;lunes;6;junio;2;2023;0
894;2023-06-13;13;martes;6;junio;2;2023;0
895;2023-06-14;14;miércoles;6;junio;2;2023;0
896;2023-06-15;15;jueves;6;junio;2;2023;0
897;2023-06-16;16;viernes;6;junio;2;2023;0
898;2023-06-17;17;sábado;6;junio;2;2023;0
899;2023-06-18;18;domingo;6;junio;2;2023;0
900;2023-06-19;19;lunes;6;junio;2;2023;0
901;2023-06-20;20;martes;6;junio;2;2023;1
902;2023-06-21;21;miércoles;6;junio;2;2023;0
903;2023-06-22;22;jueves;6;junio;2;2023;0
904;2023-06-23;23;viernes;6;junio;2;2023;0
905;2023-06-24;24;sábado;6;junio;2;2023;0
906;2023-06-25;25;domingo;6;junio;2;2023;0
907;2023-06-26;26;lunes;6;junio;2;2023;0
908;2023-06-27;27;martes;6;junio;2;2023;0
909;2023-06-28;28;miércoles;6;junio;2;2023;0
910;2023-06-29;29;jueves;6;junio;2;2023;0
911;2023-06-30;30;viernes;6;junio;2;2023;0
912;2023-07-01;1;sábado;7;julio;3;2023;0
913;2023-07-02;2;domingo;7;julio;3;2023;0
914;2023-07-03;3;lunes;7;julio;3;2023;0
915;2023-07-04;4;martes;7;julio;3;2023;0
916;2023-07-05;5;miércoles;7;julio;3;2023;0
917;2023-07-06;6;jueves;7;julio;3;2023;0
918;2023-07-07;7;viernes;7;julio;3;2023;0
919;2023-07-08;8;sábado;7;julio;3;2023;0
920;2023-07-09;9;domingo;7;julio;3;2023;1
921;2023-07-10;10;lunes;7;julio;3;2023;0
922;2023-07-11;11;martes;7;julio;3;2023;0
923;2023-07-12;12;miércoles;7;julio;3;2023;0
924;2023-07-13;13;jueves;7;julio;3;2023;0
925;2023-07-14;14;viernes;7;julio;3;2023;0
926;2023-07-15;15;sábado;7;julio;3;2023;0
927;2023-07-16;16;domingo;7;julio;3;2023;0
928;2023-07-17;17;lunes;7;julio;3;2023;0
929;2023-07-18;18;martes;7;julio;3;2023;0
930;2023-07-19;19;miércoles;7;julio;3;2023;0
931;2023-07-20;20;jueves;7;julio;3;2023;0
932;2023-07-21;21;viernes;7;julio;3;2023;0
933;2023-07-22;22;sábado;7;julio;3;2023;0
934;2023-07-23;23;domingo;7;julio;3;2023;0
935;2023-07-24;24;lunes;7;julio;3;2023;0
936;2023-07-25;25;martes;7;julio;3;2023;0
937;2023-07-26;26;miércoles;7;julio;3;2023;0
938;2023-07-27;27;jueves;7;julio;3;2023;0
939;2023-07-28;28;viernes;7;julio;3;2023;0
940;2023-07-29;29;sábado;7;julio;3;2023;0
941;2023-07-30;30;domingo;7;julio;3;2023;0
942;2023-07-31;31;lunes;7;julio;3;2023;0
943;2023-08-01;1;martes;8;agosto;3;2023;0
944;2023-08-02;2;miércoles;8;agosto;3;2023;0
945;2023-08-03;3;jueves;8;agosto;3;2023;0
946;2023-08-04;4;viernes;8;agosto;3;2023;0
947;2023-08-05;5;sábado;8;agosto;3;2023;0
948;2023-08-06;6;domingo;8;agosto;3;2023;0
949;2023-08-07;7;lunes;8;agosto;3;2023;0
950;2023-08-08;8;martes;8;agosto;3;2023;0
951;2023-08-09;9;miércoles;8;agosto;3;2023;0
952;2023-08-10;10;jueves;8;agosto;3;2023;0
953;2023-08-11;11;viernes;8;agosto;3;2023;0
954;2023-08-12;12;sábado;8;agosto;3;2023;0
955;2023-08-13;13;domingo;8;agosto;3;2023;0
956;2023-08-14;14;lunes;8;agosto;3;2023;0
957;2023-08-15;15;martes;8;agosto;3;2023;0
958;2023-08-16;16;miércoles;8;agosto;3;2023;0
959;2023-08-17;17;jueves;8;agosto;3;2023;0
960;2023-08-18;18;viernes;8;agosto;3;2023;0
961;2023-08-19;19;sábado;8;agosto;3;2023;0
962;2023-08-20;20;domingo;8;agosto;3;2023;0
963;2023-08-21;21;lunes;8;agosto;3;2023;0
964;2023-08-22;22;martes;8;agosto;3;2023;0
965;2023-08-23;23;miércoles;8;agosto;3;2023;0
966;2023-08-24;24;jueves;8;agosto;3;2023;0
967;2023-08-25;25;viernes;8;agosto;3;2023;0
968;2023-08-26;26;sábado;8;agosto;3;2023;0
969;2023-08-27;27;domingo;8;agosto;3;2023;0
970;2023-08-28;28;lunes;8;agosto;3;2023;0
971;2023-08-29;29;martes;8;agosto;3;2023;0
972;2023-08-30;30;miércoles;8;agosto;3;2023;0
973;2023-08-31;31;jueves;8;agosto;3;2023;0
974;2023-09-01;1;viernes;9;septiembre;3;2023;0
975;2023-09-02;2;sábado;9;septiembre;3;2023;0
976;2023-09-03;3;domingo;9;septiembre;3;2023;0
977;2023-09-04;4;lunes;9;septiembre;3;2023;0
978;2023-09-05;5;martes;9;septiembre;3;2023;0
979;2023-09-06;6;miércoles;9;septiembre;3;2023;0
980;2023-09-07;7;jueves;9;septiembre;3;2023;0
981;2023-09-08;8;viernes;9;septiembre;3;2023;0
982;2023-09-09;9;sábado;9;septiembre;3;2023;0
983;2023-09-10;10;domingo;9;septiembre;3;2023;0
984;2023-09-11;11;lunes;9;septiembre;3;2023;0
985;2023-09-12;12;martes;9;septiembre;3;2023;0
986;2023-09-13;13;miércoles;9;septiembre;3;2023;0
987;2023-09-14;14;jueves;9;septiembre;3;2023;0
988;2023-09-15;15;viernes;9;septiembre;3;2023;0
989;2023-09-16;16;sábado;9;septiembre;3;2023;0
990;2023-09-17;17;domingo;9;septiembre;3;2023;0
991;2023-09-18;18;lunes;9;septiembre;3;2023;0
992;2023-09-19;19;martes;9;septiembre;3;2023;0
993;2023-09-20;20;miércoles;9;septiembre;3;2023;0
994;2023-09-21;21;jueves;9;septiembre;3;2023;0
995;2023-09-22;22;viernes;9;septiembre;3;2023;0
996;2023-09-23;23;sábado;9;septiembre;3;2023;0
997;2023-09-24;24;domingo;9;septiembre;3;2023;0
998;2023-09-25;25;lunes;9;septiembre;3;2023;0
999;2023-09-26;26;martes;9;septiembre;3;2023;0
1000;2023-09-27;27;miércoles;9;septiembre;3;2023;0
1001;2023-09-28;28;jueves;9;septiembre;3;2023;0
1002;2023-09-29;29;viernes;9;septiembre;3;2023;0
1003;2023-09-30;30;sábado;9;septiembre;3;2023;0
1004;2023-10-01;1;domingo;10;octubre;4;2023;0
1005;2023-10-02;2;lunes;10;octubre;4;2023;0
1006;2023-10-03;3;martes;10;octubre;4;2023;0
1007;2023-10-04;4;miércoles;10;octubre;4;2023;0
1008;2023-10-05;5;jueves;10;octubre;4;2023;0
1009;2023-10-06;6;viernes;10;octubre;4;2023;0
1010;2023-10-07;7;sábado;10;octubre;4;2023;0
1011;2023-10-08;8;domingo;10;octubre;4;2023;0
1012;2023-10-09;9;lunes;10;octubre;4;2023;0
1013;2023-10-10;10;martes;10;octubre;4;2023;0
1014;2023-10-11;11;miércoles;10;octubre;4;2023;0
1015;2023-10-12;12;jueves;10;octubre;4;2023;0
1016;2023-10-13;13;viernes;10;octubre;4;2023;0
1017;2023-10-14;14;sábado;10;octubre;4;2023;0
1018;2023-10-15;15;domingo;10;octubre;4;2023;0
1019;2023-10-16;16;lunes;10;octubre;4;2023;0
1020;2023-10-17;17;martes;10;octubre;4;2023;0
1021;2023-10-18;18;miércoles;10;octubre;4;2023;0
1022;2023-10-19;19;jueves;10;octubre;4;2023;0
1023;2023-10-20;20;viernes;10;octubre;4;2023;0
1024;2023-10-21;21;sábado;10;octubre;4;2023;0
1025;2023-10-22;22;domingo;10;octubre;4;2023;0
1026;2023-10-23;23;lunes;10;octubre;4;2023;0
1027;2023-10-24;24;martes;10;octubre;4;2023;0
1028;2023-10-25;25;miércoles;10;octubre;4;2023;0
1029;2023-10-26;26;jueves;10;octubre;4;2023;0
1030;2023-10-27;27;viernes;10;octubre;4;2023;0
1031;2023-10-28;28;sábado;10;octubre;4;2023;0
1032;2023-10-29;29;domingo;10;octubre;4;2023;0
1033;2023-10-30;30;lunes;10;octubre;4;2023;0
1034;2023-10-31;31;martes;10;octubre;4;2023;0
1035;2023-11-01;1;miércoles;11;noviembre;4;2023;0
1036;2023-11-02;2;jueves;11;noviembre;4;2023;0
1037;2023-11-03;3;viernes;11;noviembre;4;2023;0
1038;2023-11-04;4;sábado;11;noviembre;4;2023;0
1039;2023-11-05;5;domingo;11;noviembre;4;2023;0
1040;2023-11-06;6;lunes;11;noviembre;4;2023;0
1041;2023-11-07;7;martes;11;noviembre;4;2023;0
1042;2023-11-08;8;miércoles;11;noviembre;4;2023;0
1043;2023-11-09;9;jueves;11;noviembre;4;2023;0
1044;2023-11-10;10;viernes;11;noviembre;4;2023;0
1045;2023-11-11;11;sábado;11;noviembre;4;2023;0
1046;2023-11-12;12;domingo;11;noviembre;4;2023;0
1047;2023-11-13;13;lunes;11;noviembre;4;2023;0
1048;2023-11-14;14;martes;11;noviembre;4;2023;0
1049;2023-11-15;15;miércoles;11;noviembre;4;2023;0
1050;2023-11-16;16;jueves;11;noviembre;4;2023;0
1051;2023-11-17;17;viernes;11;noviembre;4;2023;0
1052;2023-11-18;18;sábado;11;noviembre;4;2023;0
1053;2023-11-19;19;domingo;11;noviembre;4;2023;0
1054;2023-11-20;20;lunes;11;noviembre;4;2023;0
1055;2023-11-21;21;martes;11;noviembre;4;2023;0
1056;2023-11-22;22;miércoles;11;noviembre;4;2023;0
1057;2023-11-23;23;jueves;11;noviembre;4;2023;0
1058;2023-11-24;24;viernes;11;noviembre;4;2023;0
1059;2023-11-25;25;sábado;11;noviembre;4;2023;0
1060;2023-11-26;26;domingo;11;noviembre;4;2023;0
1061;2023-11-27;27;lunes;11;noviembre;4;2023;0
1062;2023-11-28;28;martes;11;noviembre;4;2023;0
1063;2023-11-29;29;miércoles;11;noviembre;4;2023;0
1064;2023-11-30;30;jueves;11;noviembre;4;2023;0
1065;2023-12-01;1;viernes;12;diciembre;4;2023;0
1066;2023-12-02;2;sábado;12;diciembre;4;2023;0
1067;2023-12-03;3;domingo;12;diciembre;4;2023;0
1068;2023-12-04;4;lunes;12;diciembre;4;2023;0
1069;2023-12-05;5;martes;12;diciembre;4;2023;0
1070;2023-12-06;6;miércoles;12;diciembre;4;2023;0
1071;2023-12-07;7;jueves;12;diciembre;4;2023;0
1072;2023-12-08;8;viernes;12;diciembre;4;2023;1
1073;2023-12-09;9;sábado;12;diciembre;4;2023;0
1074;2023-12-10;10;domingo;12;diciembre;4;2023;0
1075;2023-12-11;11;lunes;12;diciembre;4;2023;0
1076;2023-12-12;12;martes;12;diciembre;4;2023;0
1077;2023-12-13;13;miércoles;12;diciembre;4;2023;0
1078;2023-12-14;14;jueves;12;diciembre;4;2023;0
1079;2023-12-15;15;viernes;12;diciembre;4;2023;0
1080;2023-12-16;16;sábado;12;diciembre;4;2023;0
1081;2023-12-17;17;domingo;12;diciembre;4;2023;0
1082;2023-12-18;18;lunes;12;diciembre;4;2023;0
1083;2023-12-19;19;martes;12;diciembre;4;2023;0
1084;2023-12-20;20;miércoles;12;diciembre;4;2023;0
1085;2023-12-21;21;jueves;12;diciembre;4;2023;0
1086;2023-12-22;22;viernes;12;diciembre;4;2023;0
1087;2023-12-23;23;sábado;12;diciembre;4;2023;0
1088;2023-12-24;24;domingo;12;diciembre;4;2023;0
1089;2023-12-25;25;lunes;12;diciembre;4;2023;1
1090;2023-12-26;26;martes;12;diciembre;4;2023;0
1091;2023-12-27;27;miércoles;12;diciembre;4;2023;0
1092;2023-12-28;28;jueves;12;diciembre;4;2023;0
1093;2023-12-29;29;viernes;12;diciembre;4;2023;0
1094;2023-12-30;30;sábado;12;diciembre;4;2023;0
1095;2023-12-31;31;domingo;12;diciembre;4;2023;0
1096;2024-01-01;1;lunes;1;enero;1;2024;1
1097;2024-01-02;2;martes;1;enero;1;2024;0
1098;2024-01-03;3;miércoles;1;enero;1;2024;0
1099;2024-01-04;4;jueves;1;enero;1;2024;0
1100;2024-01-05;5;viernes;1;enero;1;2024;0
1101;2024-01-06;6;sábado;1;enero;1;2024;0
1102;2024-01-07;7;domingo;1;enero;1;2024;0
1103;2024-01-08;8;lunes;1;enero;1;2024;0
1104;2024-01-09;9;martes;1;enero;1;2024;0
1105;2024-01-10;10;miércoles;1;enero;1;2024;0
1106;2024-01-11;11;jueves;1;enero;1;2024;0
1107;2024-01-12;12;viernes;1;enero;1;2024;0
1108;2024-01-13;13;sábado;1;enero;1;2024;0
1109;2024-01-14;14;domingo;1;enero;1;2024;0
1110;2024-01-15;15;lunes;1;enero;1;2024;0
1111;2024-01-16;16;martes;1;enero;1;2024;0
1112;2024-01-17;17;miércoles;1;enero;1;2024;0
1113;2024-01-18;18;jueves;1;enero;1;2024;0
1114;2024-01-19;19;viernes;1;enero;1;2024;0
1115;2024-01-20;20;sábado;1;enero;1;2024;0
1116;2024-01-21;21;domingo;1;enero;1;2024;0
1117;2024-01-22;22;lunes;1;enero;1;2024;0
1118;2024-01-23;23;martes;1;enero;1;2024;0
1119;2024-01-24;24;miércoles;1;enero;1;2024;0
1120;2024-01-25;25;jueves;1;enero;1;2024;0
1121;2024-01-26;26;viernes;1;enero;1;2024;0
1122;2024-01-27;27;sábado;1;enero;1;2024;0
1123;2024-01-28;28;domingo;1;enero;1;2024;0
1124;2024-01-29;29;lunes;1;enero;1;2024;0
1125;2024-01-30;30;martes;1;enero;1;2024;0
1126;2024-01-31;31;miércoles;1;enero;1;2024;0
1127;2024-02-01;1;jueves;2;febrero;1;2024;0
1128;2024-02-02;2;viernes;2;febrero;1;2024;0
1129;2024-02-03;3;sábado;2;febrero;1;2024;0
1130;2024-02-04;4;domingo;2;febrero;1;2024;0
1131;2024-02-05;5;lunes;2;febrero;1;2024;0
1132;2024-02-06;6;martes;2;febrero;1;2024;0
1133;2024-02-07;7;miércoles;2;febrero;1;2024;0
1134;2024-02-08;8;jueves;2;febrero;1;2024;0
1135;2024-02-09;9;viernes;2;febrero;1;2024;0
1136;2024-02-10;10;sábado;2;febrero;1;2024;0
1137;2024-02-11;11;domingo;2;febrero;1;2024;0
1138;2024-02-12;12;lunes;2;febrero;1;2024;0
1139;2024-02-13;13;martes;2;febrero;1;2024;0
1140;2024-02-14;14;miércoles;2;febrero;1;2024;0
1141;2024-02-15;15;jueves;2;febrero;1;2024;0
1142;2024-02-16;16;viernes;2;febrero;1;2024;0
1143;2024-02-17;17;sábado;2;febrero;1;2024;0
1144;2024-02-18;18;domingo;2;febrero;1;2024;0
1145;2024-02-19;19;lunes;2;febrero;1;2024;0
1146;2024-02-20;20;martes;2;febrero;1;2024;0
1147;2024-02-21;21;miércoles;2;febrero;1;2024;0
1148;2024-02-22;22;jueves;2;febrero;1;2024;0
1149;2024-02-23;23;viernes;2;febrero;1;2024;0
1150;2024-02-24;24;sábado;2;febrero;1;2024;0
1151;2024-02-25;25;domingo;2;febrero;1;2024;0
1152;2024-02-26;26;lunes;2;febrero;1;2024;0
1153;2024-02-27;27;martes;2;febrero;1;2024;0
1154;2024-02-28;28;miércoles;2;febrero;1;2024;0
1155;2024-02-29;29;jueves;2;febrero;1;2024;0
1156;2024-03-01;1;viernes;3;marzo;1;2024;0
1157;2024-03-02;2;sábado;3;marzo;1;2024;0
1158;2024-03-03;3;domingo;3;marzo;1;2024;0
1159;2024-03-04;4;lunes;3;marzo;1;2024;0
1160;2024-03-05;5;martes;3;marzo;1;2024;0
1161;2024-03-06;6;miércoles;3;marzo;1;2024;0
1162;2024-03-07;7;jueves;3;marzo;1;2024;0
1163;2024-03-08;8;viernes;3;marzo;1;2024;0
1164;2024-03-09;9;sábado;3;marzo;1;2024;0
1165;2024-03-10;10;domingo;3;marzo;1;2024;0
1166;2024-03-11;11;lunes;3;marzo;1;2024;0
1167;2024-03-12;12;martes;3;marzo;1;2024;0
1168;2024-03-13;13;miércoles;3;marzo;1;2024;0
1169;2024-03-14;14;jueves;3;marzo;1;2024;0
1170;2024-03-15;15;viernes;3;marzo;1;2024;0
1171;2024-03-16;16;sábado;3;marzo;1;2024;0
1172;2024-03-17;17;domingo;3;marzo;1;2024;0
1173;2024-03-18;18;lunes;3;marzo;1;2024;0
1174;2024-03-19;19;martes;3;marzo;1;2024;0
1175;2024-03-20;20;miércoles;3;marzo;1;2024;0
1176;2024-03-21;21;jueves;3;marzo;1;2024;0
1177;2024-03-22;22;viernes;3;marzo;1;2024;0
1178;2024-03-23;23;sábado;3;marzo;1;2024;0
1179;2024-03-24;24;domingo;3;marzo;1;2024;1
1180;2024-03-25;25;lunes;3;marzo;1;2024;0
1181;2024-03-26;26;martes;3;marzo;1;2024;0
1182;2024-03-27;27;miércoles;3;marzo;1;2024;0
1183;2024-03-28;28;jueves;3;marzo;1;2024;0
1184;2024-03-29;29;viernes;3;marzo;1;2024;0
1185;2024-03-30;30;sábado;3;marzo;1;2024;0
1186;2024-03-31;31;domingo;3;marzo;1;2024;0
1187;2024-04-01;1;lunes;4;abril;2;2024;0
1188;2024-04-02;2;martes;4;abril;2;2024;1
1189;2024-04-03;3;miércoles;4;abril;2;2024;0
1190;2024-04-04;4;jueves;4;abril;2;2024;0
1191;2024-04-05;5;viernes;4;abril;2;2024;0
1192;2024-04-06;6;sábado;4;abril;2;2024;0
1193;2024-04-07;7;domingo;4;abril;2;2024;0
1194;2024-04-08;8;lunes;4;abril;2;2024;0
1195;2024-04-09;9;martes;4;abril;2;2024;0
1196;2024-04-10;10;miércoles;4;abril;2;2024;0
1197;2024-04-11;11;jueves;4;abril;2;2024;0
1198;2024-04-12;12;viernes;4;abril;2;2024;0
1199;2024-04-13;13;sábado;4;abril;2;2024;0
1200;2024-04-14;14;domingo;4;abril;2;2024;0
1201;2024-04-15;15;lunes;4;abril;2;2024;0
1202;2024-04-16;16;martes;4;abril;2;2024;0
1203;2024-04-17;17;miércoles;4;abril;2;2024;0
1204;2024-04-18;18;jueves;4;abril;2;2024;0
1205;2024-04-19;19;viernes;4;abril;2;2024;0
1206;2024-04-20;20;sábado;4;abril;2;2024;0
1207;2024-04-21;21;domingo;4;abril;2;2024;0
1208;2024-04-22;22;lunes;4;abril;2;2024;0
1209;2024-04-23;23;martes;4;abril;2;2024;0
1210;2024-04-24;24;miércoles;4;abril;2;2024;0
1211;2024-04-25;25;jueves;4;abril;2;2024;0
1212;2024-04-26;26;viernes;4;abril;2;2024;0
1213;2024-04-27;27;sábado;4;abril;2;2024;0
1214;2024-04-28;28;domingo;4;abril;2;2024;0
1215;2024-04-29;29;lunes;4;abril;2;2024;0
1216;2024-04-30;30;martes;4;abril;2;2024;0
1217;2024-05-01;1;miércoles;5;mayo;2;2024;1
1218;2024-05-02;2;jueves;5;mayo;2;2024;0
1219;2024-05-03;3;viernes;5;mayo;2;2024;0
1220;2024-05-04;4;sábado;5;mayo;2;2024;0
1221;2024-05-05;5;domingo;5;mayo;2;2024;0
1222;2024-05-06;6;lunes;5;mayo;2;2024;0
1223;2024-05-07;7;martes;5;mayo;2;2024;0
1224;2024-05-08;8;miércoles;5;mayo;2;2024;0
1225;2024-05-09;9;jueves;5;mayo;2;2024;0
1226;2024-05-10;10;viernes;5;mayo;2;2024;0
1227;2024-05-11;11;sábado;5;mayo;2;2024;0
1228;2024-05-12;12;domingo;5;mayo;2;2024;0
1229;2024-05-13;13;lunes;5;mayo;2;2024;0
1230;2024-05-14;14;martes;5;mayo;2;2024;0
1231;2024-05-15;15;miércoles;5;mayo;2;2024;0
1232;2024-05-16;16;jueves;5;mayo;2;2024;0
1233;2024-05-17;17;viernes;5;mayo;2;2024;0
1234;2024-05-18;18;sábado;5;mayo;2;2024;0
1235;2024-05-19;19;domingo;5;mayo;2;2024;0
1236;2024-05-20;20;lunes;5;mayo;2;2024;0
1237;2024-05-21;21;martes;5;mayo;2;2024;0
1238;2024-05-22;22;miércoles;5;mayo;2;2024;0
1239;2024-05-23;23;jueves;5;mayo;2;2024;0
1240;2024-05-24;24;viernes;5;mayo;2;2024;0
1241;2024-05-25;25;sábado;5;mayo;2;2024;1
1242;2024-05-26;26;domingo;5;mayo;2;2024;0
1243;2024-05-27;27;lunes;5;mayo;2;2024;0
1244;2024-05-28;28;martes;5;mayo;2;2024;0
1245;2024-05-29;29;miércoles;5;mayo;2;2024;0
1246;2024-05-30;30;jueves;5;mayo;2;2024;0
1247;2024-05-31;31;viernes;5;mayo;2;2024;0
1248;2024-06-01;1;sábado;6;junio;2;2024;0
1249;2024-06-02;2;domingo;6;junio;2;2024;0
1250;2024-06-03;3;lunes;6;junio;2;2024;0
1251;2024-06-04;4;martes;6;junio;2;2024;0
1252;2024-06-05;5;miércoles;6;junio;2;2024;0
1253;2024-06-06;6;jueves;6;junio;2;2024;0
1254;2024-06-07;7;viernes;6;junio;2;2024;0
1255;2024-06-08;8;sábado;6;junio;2;2024;0
1256;2024-06-09;9;domingo;6;junio;2;2024;0
1257;2024-06-10;10;lunes;6;junio;2;2024;0
1258;2024-06-11;11;martes;6;junio;2;2024;0
1259;2024-06-12;12;miércoles;6;junio;2;2024;0
1260;2024-06-13;13;jueves;6;junio;2;2024;0
1261;2024-06-14;14;viernes;6;junio;2;2024;0
1262;2024-06-15;15;sábado;6;junio;2;2024;0
1263;2024-06-16;16;domingo;6;junio;2;2024;0
1264;2024-06-17;17;lunes;6;junio;2;2024;0
1265;2024-06-18;18;martes;6;junio;2;2024;0
1266;2024-06-19;19;miércoles;6;junio;2;2024;0
1267;2024-06-20;20;jueves;6;junio;2;2024;1
1268;2024-06-21;21;viernes;6;junio;2;2024;0
1269;2024-06-22;22;sábado;6;junio;2;2024;0
1270;2024-06-23;23;domingo;6;junio;2;2024;0
1271;2024-06-24;24;lunes;6;junio;2;2024;0
1272;2024-06-25;25;martes;6;junio;2;2024;0
1273;2024-06-26;26;miércoles;6;junio;2;2024;0
1274;2024-06-27;27;jueves;6;junio;2;2024;0
1275;2024-06-28;28;viernes;6;junio;2;2024;0
1276;2024-06-29;29;sábado;6;junio;2;2024;0
1277;2024-06-30;30;domingo;6;junio;2;2024;0
1278;2024-07-01;1;lunes;7;julio;3;2024;0
1279;2024-07-02;2;martes;7;julio;3;2024;0
1280;2024-07-03;3;miércoles;7;julio;3;2024;0
1281;2024-07-04;4;jueves;7;julio;3;2024;0
1282;2024-07-05;5;viernes;7;julio;3;2024;0
1283;2024-07-06;6;sábado;7;julio;3;2024;0
1284;2024-07-07;7;domingo;7;julio;3;2024;0
1285;2024-07-08;8;lunes;7;julio;3;2024;0
1286;2024-07-09;9;martes;7;julio;3;2024;1
1287;2024-07-10;10;miércoles;7;julio;3;2024;0
1288;2024-07-11;11;jueves;7;julio;3;2024;0
1289;2024-07-12;12;viernes;7;julio;3;2024;0
1290;2024-07-13;13;sábado;7;julio;3;2024;0
1291;2024-07-14;14;domingo;7;julio;3;2024;0
1292;2024-07-15;15;lunes;7;julio;3;2024;0
1293;2024-07-16;16;martes;7;julio;3;2024;0
1294;2024-07-17;17;miércoles;7;julio;3;2024;0
1295;2024-07-18;18;jueves;7;julio;3;2024;0
1296;2024-07-19;19;viernes;7;julio;3;2024;0
1297;2024-07-20;20;sábado;7;julio;3;2024;0
1298;2024-07-21;21;domingo;7;julio;3;2024;0
1299;2024-07-22;22;lunes;7;julio;3;2024;0
1300;2024-07-23;23;martes;7;julio;3;2024;0
1301;2024-07-24;24;miércoles;7;julio;3;2024;0
1302;2024-07-25;25;jueves;7;julio;3;2024;0
1303;2024-07-26;26;viernes;7;julio;3;2024;0
1304;2024-07-27;27;sábado;7;julio;3;2024;0
1305;2024-07-28;28;domingo;7;julio;3;2024;0
1306;2024-07-29;29;lunes;7;julio;3;2024;0
1307;2024-07-30;30;martes;7;julio;3;2024;0
1308;2024-07-31;31;miércoles;7;julio;3;2024;0
1309;2024-08-01;1;jueves;8;agosto;3;2024;0
1310;2024-08-02;2;viernes;8;agosto;3;2024;0
1311;2024-08-03;3;sábado;8;agosto;3;2024;0
1312;2024-08-04;4;domingo;8;agosto;3;2024;0
1313;2024-08-05;5;lunes;8;agosto;3;2024;0
1314;2024-08-06;6;martes;8;agosto;3;2024;0
1315;2024-08-07;7;miércoles;8;agosto;3;2024;0
1316;2024-08-08;8;jueves;8;agosto;3;2024;0
1317;2024-08-09;9;viernes;8;agosto;3;2024;0
1318;2024-08-10;10;sábado;8;agosto;3;2024;0
1319;2024-08-11;11;domingo;8;agosto;3;2024;0
1320;2024-08-12;12;lunes;8;agosto;3;2024;0
1321;2024-08-13;13;martes;8;agosto;3;2024;0
1322;2024-08-14;14;miércoles;8;agosto;3;2024;0
1323;2024-08-15;15;jueves;8;agosto;3;2024;0
1324;2024-08-16;16;viernes;8;agosto;3;2024;0
1325;2024-08-17;17;sábado;8;agosto;3;2024;0
1326;2024-08-18;18;domingo;8;agosto;3;2024;0
1327;2024-08-19;19;lunes;8;agosto;3;2024;0
1328;2024-08-20;20;martes;8;agosto;3;2024;0
1329;2024-08-21;21;miércoles;8;agosto;3;2024;0
1330;2024-08-22;22;jueves;8;agosto;3;2024;0
1331;2024-08-23;23;viernes;8;agosto;3;2024;0
1332;2024-08-24;24;sábado;8;agosto;3;2024;0
1333;2024-08-25;25;domingo;8;agosto;3;2024;0
1334;2024-08-26;26;lunes;8;agosto;3;2024;0
1335;2024-08-27;27;martes;8;agosto;3;2024;0
1336;2024-08-28;28;miércoles;8;agosto;3;2024;0
1337;2024-08-29;29;jueves;8;agosto;3;2024;0
1338;2024-08-30;30;viernes;8;agosto;3;2024;0
1339;2024-08-31;31;sábado;8;agosto;3;2024;0
1340;2024-09-01;1;domingo;9;septiembre;3;2024;0
1341;2024-09-02;2;lunes;9;septiembre;3;2024;0
1342;2024-09-03;3;martes;9;septiembre;3;2024;0
1343;2024-09-04;4;miércoles;9;septiembre;3;2024;0
1344;2024-09-05;5;jueves;9;septiembre;3;2024;0
1345;2024-09-06;6;viernes;9;septiembre;3;2024;0
1346;2024-09-07;7;sábado;9;septiembre;3;2024;0
1347;2024-09-08;8;domingo;9;septiembre;3;2024;0
1348;2024-09-09;9;lunes;9;septiembre;3;2024;0
1349;2024-09-10;10;martes;9;septiembre;3;2024;0
1350;2024-09-11;11;miércoles;9;septiembre;3;2024;0
1351;2024-09-12;12;jueves;9;septiembre;3;2024;0
1352;2024-09-13;13;viernes;9;septiembre;3;2024;0
1353;2024-09-14;14;sábado;9;septiembre;3;2024;0
1354;2024-09-15;15;domingo;9;septiembre;3;2024;0
1355;2024-09-16;16;lunes;9;septiembre;3;2024;0
1356;2024-09-17;17;martes;9;septiembre;3;2024;0
1357;2024-09-18;18;miércoles;9;septiembre;3;2024;0
1358;2024-09-19;19;jueves;9;septiembre;3;2024;0
1359;2024-09-20;20;viernes;9;septiembre;3;2024;0
1360;2024-09-21;21;sábado;9;septiembre;3;2024;0
1361;2024-09-22;22;domingo;9;septiembre;3;2024;0
1362;2024-09-23;23;lunes;9;septiembre;3;2024;0
1363;2024-09-24;24;martes;9;septiembre;3;2024;0
1364;2024-09-25;25;miércoles;9;septiembre;3;2024;0
1365;2024-09-26;26;jueves;9;septiembre;3;2024;0
1366;2024-09-27;27;viernes;9;septiembre;3;2024;0
1367;2024-09-28;28;sábado;9;septiembre;3;2024;0
1368;2024-09-29;29;domingo;9;septiembre;3;2024;0
1369;2024-09-30;30;lunes;9;septiembre;3;2024;0
1370;2024-10-01;1;martes;10;octubre;4;2024;0
1371;2024-10-02;2;miércoles;10;octubre;4;2024;0
1372;2024-10-03;3;jueves;10;octubre;4;2024;0
1373;2024-10-04;4;viernes;10;octubre;4;2024;0
1374;2024-10-05;5;sábado;10;octubre;4;2024;0
1375;2024-10-06;6;domingo;10;octubre;4;2024;0
1376;2024-10-07;7;lunes;10;octubre;4;2024;0
1377;2024-10-08;8;martes;10;octubre;4;2024;0
1378;2024-10-09;9;miércoles;10;octubre;4;2024;0
1379;2024-10-10;10;jueves;10;octubre;4;2024;0
1380;2024-10-11;11;viernes;10;octubre;4;2024;0
1381;2024-10-12;12;sábado;10;octubre;4;2024;0
1382;2024-10-13;13;domingo;10;octubre;4;2024;0
1383;2024-10-14;14;lunes;10;octubre;4;2024;0
1384;2024-10-15;15;martes;10;octubre;4;2024;0
1385;2024-10-16;16;miércoles;10;octubre;4;2024;0
1386;2024-10-17;17;jueves;10;octubre;4;2024;0
1387;2024-10-18;18;viernes;10;octubre;4;2024;0
1388;2024-10-19;19;sábado;10;octubre;4;2024;0
1389;2024-10-20;20;domingo;10;octubre;4;2024;0
1390;2024-10-21;21;lunes;10;octubre;4;2024;0
1391;2024-10-22;22;martes;10;octubre;4;2024;0
1392;2024-10-23;23;miércoles;10;octubre;4;2024;0
1393;2024-10-24;24;jueves;10;octubre;4;2024;0
1394;2024-10-25;25;viernes;10;octubre;4;2024;0
1395;2024-10-26;26;sábado;10;octubre;4;2024;0
1396;2024-10-27;27;domingo;10;octubre;4;2024;0
1397;2024-10-28;28;lunes;10;octubre;4;2024;0
1398;2024-10-29;29;martes;10;octubre;4;2024;0
1399;2024-10-30;30;miércoles;10;octubre;4;2024;0
1400;2024-10-31;31;jueves;10;octubre;4;2024;0
1401;2024-11-01;1;viernes;11;noviembre;4;2024;0
1402;2024-11-02;2;sábado;11;noviembre;4;2024;0
1403;2024-11-03;3;domingo;11;noviembre;4;2024;0
1404;2024-11-04;4;lunes;11;noviembre;4;2024;0
1405;2024-11-05;5;martes;11;noviembre;4;2024;0
1406;2024-11-06;6;miércoles;11;noviembre;4;2024;0
1407;2024-11-07;7;jueves;11;noviembre;4;2024;0
1408;2024-11-08;8;viernes;11;noviembre;4;2024;0
1409;2024-11-09;9;sábado;11;noviembre;4;2024;0
1410;2024-11-10;10;domingo;11;noviembre;4;2024;0
1411;2024-11-11;11;lunes;11;noviembre;4;2024;0
1412;2024-11-12;12;martes;11;noviembre;4;2024;0
1413;2024-11-13;13;miércoles;11;noviembre;4;2024;0
1414;2024-11-14;14;jueves;11;noviembre;4;2024;0
1415;2024-11-15;15;viernes;11;noviembre;4;2024;0
1416;2024-11-16;16;sábado;11;noviembre;4;2024;0
1417;2024-11-17;17;domingo;11;noviembre;4;2024;0
1418;2024-11-18;18;lunes;11;noviembre;4;2024;0
1419;2024-11-19;19;martes;11;noviembre;4;2024;0
1420;2024-11-20;20;miércoles;11;noviembre;4;2024;0
1421;2024-11-21;21;jueves;11;noviembre;4;2024;0
1422;2024-11-22;22;viernes;11;noviembre;4;2024;0
1423;2024-11-23;23;sábado;11;noviembre;4;2024;0
1424;2024-11-24;24;domingo;11;noviembre;4;2024;0
1425;2024-11-25;25;lunes;11;noviembre;4;2024;0
1426;2024-11-26;26;martes;11;noviembre;4;2024;0
1427;2024-11-27;27;miércoles;11;noviembre;4;2024;0
1428;2024-11-28;28;jueves;11;noviembre;4;2024;0
1429;2024-11-29;29;viernes;11;noviembre;4;2024;0
1430;2024-11-30;30;sábado;11;noviembre;4;2024;0
1431;2024-12-01;1;domingo;12;diciembre;4;2024;0
1432;2024-12-02;2;lunes;12;diciembre;4;2024;0
1433;2024-12-03;3;martes;12;diciembre;4;2024;0
1434;2024-12-04;4;miércoles;12;diciembre;4;2024;0
1435;2024-12-05;5;jueves;12;diciembre;4;2024;0
1436;2024-12-06;6;viernes;12;diciembre;4;2024;0
1437;2024-12-07;7;sábado;12;diciembre;4;2024;0
1438;2024-12-08;8;domingo;12;diciembre;4;2024;1
1439;2024-12-09;9;lunes;12;diciembre;4;2024;0
1440;2024-12-10;10;martes;12;diciembre;4;2024;0
1441;2024-12-11;11;miércoles;12;diciembre;4;2024;0
1442;2024-12-12;12;jueves;12;diciembre;4;2024;0
1443;2024-12-13;13;viernes;12;diciembre;4;2024;0
1444;2024-12-14;14;sábado;12;diciembre;4;2024;0
1445;2024-12-15;15;domingo;12;diciembre;4;2024;0
1446;2024-12-16;16;lunes;12;diciembre;4;2024;0
1447;2024-12-17;17;martes;12;diciembre;4;2024;0
1448;2024-12-18;18;miércoles;12;diciembre;4;2024;0
1449;2024-12-19;19;jueves;12;diciembre;4;2024;0
1450;2024-12-20;20;viernes;12;diciembre;4;2024;0
1451;2024-12-21;21;sábado;12;diciembre;4;2024;0
1452;2024-12-22;22;domingo;12;diciembre;4;2024;0
1453;2024-12-23;23;lunes;12;diciembre;4;2024;0
1454;2024-12-24;24;martes;12;diciembre;4;2024;0
1455;2024-12-25;25;miércoles;12;diciembre;4;2024;1
1456;2024-12-26;26;jueves;12;diciembre;4;2024;0
1457;2024-12-27;27;viernes;12;diciembre;4;2024;0
1458;2024-12-28;28;sábado;12;diciembre;4;2024;0
1459;2024-12-29;29;domingo;12;diciembre;4;2024;0
1460;2024-12-30;30;lunes;12;diciembre;4;2024;0
1461;2024-12-31;31;martes;12;diciembre;4;2024;0
